,Loan_ID,Gender,Married,Dependents,Education,Self_Employed,ApplicantIncome,CoapplicantIncome,LoanAmount,Loan_Amount_Term,Credit_History,Loan_Status (Approved),Property_Area_Semiurban,Property_Area_Urban
0,LP001002,1,0,0,0,0,0.07293135984867927,-1.1028368386382617,128.0,8,1,1,0,1
1,LP001003,1,1,1,0,0,-0.13430245319192863,0.75057773763691,128.0,8,1,0,0,0
2,LP001005,1,1,0,0,1,-0.3934265653904138,-1.1028368386382617,66.0,8,1,1,0,1
3,LP001006,1,1,0,1,0,-0.4616860440933629,0.8916859777250576,120.0,8,1,1,0,1
4,LP001008,1,0,0,0,0,0.09764882096173755,-1.1028368386382617,141.0,8,1,1,0,1
5,LP001011,1,1,2,0,1,0.0022165042139694682,1.079209600231378,267.0,8,1,1,0,1
6,LP001013,1,1,0,1,0,-0.5026089929560421,0.7522260656078391,95.0,8,1,1,0,1
7,LP001014,1,1,3,0,0,-0.387533660754188,0.9109361823743981,158.0,8,0,0,1,0
8,LP001018,1,1,2,0,0,-0.22875261916699238,0.754275009477503,168.0,8,1,1,0,1
9,LP001020,1,1,1,0,0,1.2174643936400935,1.406405074256018,349.0,8,1,0,1,0
10,LP001024,1,1,2,0,0,-0.3606882063002704,0.5169191969930276,70.0,8,1,1,0,1
11,LP001027,1,1,2,0,0,-0.47527246311577237,0.8129253632521255,109.0,8,1,1,0,1
12,LP001028,1,1,2,0,0,-0.3814770643225115,1.3014301410735851,200.0,8,1,1,0,1
13,LP001029,1,0,0,0,0,-0.5811810547723864,0.9515063044538443,114.0,8,1,0,0,0
14,LP001030,1,1,2,0,0,-0.6718663094520837,0.6493161170473276,17.0,4,1,1,0,1
15,LP001032,1,0,0,0,0,-0.07422756426151543,-1.1028368386382617,125.0,8,1,1,0,1
16,LP001034,1,0,1,1,0,-0.2958662553017864,-1.1028368386382617,100.0,6,1,1,0,1
17,LP001036,0,0,0,0,0,-0.3099437497105481,-1.1028368386382617,76.0,8,0,0,0,1
18,LP001038,1,1,0,1,0,-0.08454014737491061,-1.1028368386382617,133.0,8,1,0,0,0
19,LP001041,1,1,0,0,0,-0.45890328357070065,1.0195045117229433,115.0,8,1,1,0,1
20,LP001043,1,1,0,1,0,0.36937720140992797,-1.1028368386382617,104.0,8,0,0,0,1
21,LP001046,1,1,1,0,0,0.09028269016645528,1.177054932826804,315.0,8,1,1,0,1
22,LP001047,1,1,0,1,0,-0.45890328357070065,0.8248722288505855,116.0,8,0,0,1,0
23,LP001050,1,1,2,1,0,-0.3336790600509021,0.8258626021806353,112.0,8,0,0,0,0
24,LP001052,1,1,1,0,0,-0.27605954805224964,0.961052023217619,151.0,8,1,0,1,0
25,LP001066,1,1,0,0,1,0.6803916127662906,-1.1028368386382617,191.0,8,1,1,1,0
26,LP001068,1,1,0,0,0,-0.426328616276008,0.8771355230624517,122.0,8,1,1,1,0
27,LP001073,1,1,2,1,0,-0.19274042416783463,0.6361132550846059,110.0,8,1,1,0,1
28,LP001086,1,0,0,1,0,-0.6484583827026311,-1.1028368386382617,35.0,8,1,0,0,1
29,LP001087,0,0,2,0,0,-0.270657718802376,0.8521669790391802,120.0,8,1,1,1,0
30,LP001091,1,1,1,0,0,-0.20256193189487764,1.0070281245447943,201.0,8,1,0,0,1
31,LP001095,1,0,0,0,0,-0.3660900355501441,-1.1028368386382617,74.0,8,1,0,0,1
32,LP001097,1,0,1,0,1,-0.11646004748780045,-1.1028368386382617,106.0,8,1,0,0,0
33,LP001098,1,1,0,0,0,-0.31158066766505527,0.7818945952900874,114.0,8,1,1,1,0
34,LP001100,1,0,3,0,0,1.161645491391399,0.9692604163940796,320.0,8,1,0,0,0
35,LP001106,1,1,0,0,0,-0.5121031170921837,0.8497191856894085,128.0,8,1,1,0,1
36,LP001109,1,1,0,0,0,-0.5852733496586543,0.7115995513187214,100.0,8,0,0,0,1
37,LP001112,0,1,0,0,0,-0.2842441378247855,0.7402985847397701,144.0,8,1,1,1,0
38,LP001114,1,0,0,0,0,-0.20256193189487764,1.2612652047922428,184.0,8,1,1,0,1
39,LP001116,1,0,0,1,0,-0.2709851023932774,0.7820825126109782,110.0,8,1,1,1,0
40,LP001119,1,0,0,0,0,-0.29521148811998354,-1.1028368386382617,80.0,8,1,0,0,1
41,LP001120,1,0,0,0,0,-0.5898567199312744,0.6832090360194575,47.0,8,1,1,0,1
42,LP001123,1,1,0,0,0,-0.4916416426608441,-1.1028368386382617,75.0,8,1,1,0,1
43,LP001131,1,1,0,0,0,-0.239392585871289,0.8886885022225632,134.0,8,1,1,1,0
44,LP001136,1,1,0,1,1,-0.1159689721014483,-1.1028368386382617,96.0,8,1,1,0,1
45,LP001137,0,0,0,0,0,-0.3263129292556198,-1.1028368386382617,88.0,8,1,1,0,1
46,LP001138,1,1,1,0,0,0.040193000758535845,-1.1028368386382617,44.0,8,1,1,0,1
47,LP001144,1,1,0,0,0,0.06834798957605918,-1.1028368386382617,144.0,8,1,1,0,1
48,LP001146,0,1,0,0,0,-0.4515371527754184,1.0138456537801122,120.0,8,0,0,0,1
49,LP001151,0,0,0,0,0,-0.2297347699396967,0.880236264566619,144.0,8,1,1,1,0
50,LP001155,0,1,0,1,0,-0.5689041701135826,0.777542972666056,100.0,8,1,1,1,0
51,LP001157,0,0,0,0,0,-0.37934907098165216,-1.1028368386382617,120.0,8,1,1,1,0
52,LP001164,0,0,0,0,0,-0.19208565698603175,-1.1028368386382617,112.0,8,1,0,1,0
53,LP001179,1,1,2,0,0,-0.12890062394205495,-1.1028368386382617,134.0,8,1,0,0,1
54,LP001186,0,1,1,0,1,0.9979536959406817,-1.1028368386382617,286.0,8,0,0,0,1
55,LP001194,1,1,2,0,0,-0.4412245696620232,0.6713358163538501,97.0,8,1,1,1,0
56,LP001195,1,1,0,0,0,-0.5355110438416363,0.7672932124085975,96.0,8,1,1,1,0
57,LP001197,1,1,0,0,0,-0.33351536825545136,0.8695469873582056,135.0,8,1,0,0,0
58,LP001198,1,1,1,0,0,0.43812775549922917,0.8767104897336425,180.0,8,1,1,0,1
59,LP001199,1,1,2,1,0,-0.3349885944145078,0.9536631580087925,144.0,8,1,1,0,1
60,LP001205,1,1,0,0,0,-0.47527246311577237,1.0461507855754673,120.0,8,1,1,0,1
61,LP001206,1,1,3,0,0,-0.388679503322343,-1.1028368386382617,99.0,8,1,1,0,1
62,LP001207,1,1,0,1,1,-0.4574300574116442,1.0147003744841248,165.0,5,0,0,0,0
63,LP001213,1,1,1,0,0,-0.07504602323876902,-1.1028368386382617,128.0,8,0,0,0,0
64,LP001222,0,0,0,0,0,-0.20256193189487764,-1.1028368386382617,116.0,8,0,0,1,0
65,LP001225,1,1,0,0,0,0.05279726900824106,1.1093538234678033,258.0,8,1,0,1,0
66,LP001228,1,0,0,1,0,-0.3606882063002704,0.877277082533662,126.0,5,0,0,0,1
67,LP001233,1,1,1,0,0,0.8751848493526438,-1.1028368386382617,312.0,8,1,1,0,1
68,LP001238,1,1,3,1,1,0.2777097959575264,-1.1028368386382617,125.0,2,1,1,0,1
69,LP001241,0,0,0,0,0,-0.18062723130448155,-1.1028368386382617,136.0,8,0,0,1,0
70,LP001243,1,1,0,0,0,-0.3593786719366647,0.9763256378916373,172.0,8,1,1,0,1
71,LP001245,1,1,2,1,1,-0.5775798352724706,0.8188678418345627,97.0,8,1,1,1,0
72,LP001248,1,0,0,0,0,-0.31158066766505527,-1.1028368386382617,81.0,7,1,1,1,0
73,LP001250,1,1,3,1,0,-0.10614746437440527,-1.1028368386382617,95.0,8,0,0,1,0
74,LP001253,1,1,3,0,1,-0.022500956899088816,0.8014243627876069,187.0,8,1,1,1,0
75,LP001255,1,0,0,0,0,-0.270657718802376,-1.1028368386382617,113.0,9,1,0,0,1
76,LP001256,1,0,0,0,0,-0.270657718802376,1.1204036076467991,176.0,8,1,0,0,1
77,LP001259,1,1,1,0,1,-0.7208101562918481,0.9716315999795487,110.0,8,1,0,0,1
78,LP001263,1,1,3,0,0,-0.3660900355501441,1.0633997390717917,180.0,7,0,0,1,0
79,LP001264,1,1,3,1,1,-0.338917197505325,0.8645877927705932,130.0,8,1,1,1,0
80,LP001265,0,0,0,0,0,-0.2549433064391071,-1.1028368386382617,111.0,8,1,1,1,0
81,LP001266,1,1,1,0,1,-0.49246010163809767,-1.1028368386382617,128.0,8,1,1,1,0
82,LP001267,0,1,2,0,0,-0.658934657611477,0.8198760627761406,167.0,8,1,0,0,1
83,LP001273,1,1,0,0,0,0.09764882096173755,0.8767104897336425,265.0,8,1,0,1,0
84,LP001275,1,1,1,0,0,-0.2316990714851053,-1.1028368386382617,50.0,6,1,1,0,1
85,LP001279,1,0,0,0,0,-0.49720716370616846,0.9143800471526355,136.0,8,1,1,1,0
86,LP001280,1,1,2,1,0,-0.338917197505325,0.8392715788911479,99.0,8,1,1,1,0
87,LP001282,1,1,0,0,0,-0.47527246311577237,0.8574604449689514,104.0,8,1,1,1,0
88,LP001289,1,0,0,0,0,0.5176819680882777,-1.1028368386382617,210.0,8,1,1,0,1
89,LP001310,1,1,0,0,0,0.04772282334926883,1.0769147542037931,175.0,8,1,1,1,0
90,LP001316,1,1,0,0,0,-0.40030162079934395,0.9582718426966045,131.0,8,1,1,1,0
91,LP001318,1,1,2,0,0,0.13857176982441682,1.1787868126106298,188.0,5,1,1,1,0
92,LP001319,1,1,2,1,0,-0.34873870523236805,0.8094817461308227,81.0,8,1,1,0,1
93,LP001322,1,0,0,0,0,-0.20796376114475132,-1.1028368386382617,122.0,8,1,1,1,0
94,LP001325,1,0,0,1,0,-0.2919376522109692,-1.1028368386382617,25.0,4,1,1,1,0
95,LP001326,1,0,0,0,0,0.22565580500419835,-1.1028368386382617,128.0,8,1,0,0,1
96,LP001327,0,1,0,0,0,-0.4778915318429839,0.8840033959325506,137.0,8,1,1,1,0
97,LP001333,1,1,0,0,0,-0.5608832721364975,0.623265188917655,50.0,8,1,1,1,0
98,LP001334,1,1,0,1,0,-0.19896071239496188,-1.1028368386382617,115.0,5,1,1,1,0
99,LP001343,1,1,0,0,0,-0.5965680835447538,1.0233191401312385,131.0,8,1,1,1,0
100,LP001345,1,1,2,1,0,-0.18259153284989016,0.9965939981896692,133.0,5,1,1,0,1
101,LP001349,1,0,0,0,0,-0.09174258637474215,1.047016429475438,151.0,8,1,1,1,0
102,LP001350,1,1,0,0,0,1.3498910561597235,-1.1028368386382617,128.0,8,1,1,0,1
103,LP001356,1,1,0,0,0,-0.12300771930582913,1.0271839595809245,128.0,8,1,1,1,0
104,LP001357,1,1,0,0,0,-0.25985406030262864,0.539077246607203,160.0,8,1,1,0,1
105,LP001367,1,1,1,0,0,-0.38491459202697653,0.6331705174742129,100.0,8,1,1,0,1
106,LP001369,1,1,2,0,0,0.9843672769182722,0.6603762052359816,225.0,8,1,1,0,1
107,LP001370,1,0,0,1,0,0.31584998429754346,-1.1028368386382617,120.0,8,1,0,0,0
108,LP001379,1,1,2,0,0,-0.2624731290298401,1.0287361852314154,216.0,8,0,0,0,1
109,LP001384,1,1,3,1,0,-0.54549624336413,0.539077246607203,94.0,9,1,1,1,0
110,LP001385,1,0,0,0,0,-0.01431636712655296,-1.1028368386382617,136.0,8,1,1,0,1
111,LP001387,0,1,0,0,0,-0.40504868286741474,0.8882776996937887,139.0,8,1,1,1,0
112,LP001391,1,1,0,1,0,-0.2997948583926036,1.0726816237192278,152.0,8,0,0,0,0
113,LP001392,0,0,1,0,1,0.3351656161607281,-1.1028368386382617,128.0,8,1,1,1,0
114,LP001398,1,0,0,0,0,-0.057858384716443716,-1.1028368386382617,118.0,8,1,1,1,0
115,LP001401,1,1,1,0,0,1.5026155013152425,-1.1028368386382617,185.0,5,1,1,0,0
116,LP001404,0,1,0,0,0,-0.3660900355501441,0.8813568172622952,154.0,8,1,1,1,0
117,LP001405,1,1,1,0,0,-0.5220883166146775,0.7270385085114632,85.0,8,1,1,0,1
118,LP001421,1,1,0,0,0,0.026933965327027753,0.8610428996859266,175.0,8,1,0,0,0
119,LP001422,0,0,0,0,0,0.8192022553084987,-1.1028368386382617,259.0,8,1,1,0,1
120,LP001426,1,1,0,0,0,0.04313945307664875,0.9312180592900842,180.0,8,1,1,0,0
121,LP001430,0,0,0,0,0,-0.20256193189487764,-1.1028368386382617,44.0,8,1,1,1,0
122,LP001431,0,0,0,0,0,-0.5346925848643828,1.3367688271244913,137.0,8,0,1,1,0
123,LP001432,1,1,2,0,0,-0.4004653125947947,-1.1028368386382617,81.0,8,1,1,1,0
124,LP001439,1,1,0,1,0,-0.18062723130448155,0.8414815905535056,194.0,8,1,1,0,0
125,LP001443,0,0,0,0,0,-0.2801518429385176,-1.1028368386382617,93.0,8,1,1,0,0
126,LP001448,1,1,3,0,0,3.0118538553708545,-1.1028368386382617,370.0,8,1,1,0,0
127,LP001449,1,0,0,0,0,-0.25183316232554354,0.7767803286756234,128.0,8,1,1,0,0
128,LP001451,1,1,1,0,1,0.836389893830824,1.0508000168259175,160.0,5,0,0,0,1
129,LP001465,1,1,0,0,0,0.11074416459779492,0.9191688702254042,182.0,8,1,0,0,0
130,LP001469,1,0,0,0,1,2.416506795316596,-1.1028368386382617,650.0,9,1,1,0,1
131,LP001473,1,0,0,0,0,-0.5548266757048209,0.8278346320441129,74.0,8,1,1,0,1
132,LP001478,1,0,0,0,0,-0.43958765170751607,-1.1028368386382617,70.0,8,1,1,1,0
133,LP001482,1,1,0,0,1,-0.31829203127853467,-1.1028368386382617,25.0,4,1,1,1,0
134,LP001487,1,0,0,0,0,-0.08323061301130487,-1.1028368386382617,102.0,8,1,1,1,0
135,LP001488,1,1,3,0,0,-0.2297347699396967,1.2859974338584288,290.0,8,1,0,1,0
136,LP001489,0,1,0,0,0,-0.13430245319192863,-1.1028368386382617,84.0,8,1,0,0,0
137,LP001491,1,1,2,0,1,-0.3416999580279872,1.0195045117229433,88.0,8,1,1,0,1
138,LP001492,1,0,0,0,0,1.5707112882227408,-1.1028368386382617,242.0,8,0,0,1,0
139,LP001493,1,1,2,1,0,-0.19699641084955327,0.7340609787872838,129.0,8,1,0,0,0
140,LP001497,1,1,2,0,0,-0.05916791908004945,0.8521669790391802,185.0,8,1,0,0,0
141,LP001498,1,0,0,0,0,0.0022165042139694682,-1.1028368386382617,168.0,8,1,1,0,1
142,LP001504,1,0,0,0,1,0.2531560266399188,-1.1028368386382617,175.0,5,1,1,1,0
143,LP001507,1,1,0,0,0,-0.4428614876165304,0.8446138114169409,122.0,8,1,1,1,0
144,LP001508,1,1,2,0,0,1.040022487371516,-1.1028368386382617,187.0,5,1,1,0,1
145,LP001514,0,1,0,0,0,-0.5031000683423943,1.1013712735162624,100.0,8,1,1,1,0
146,LP001516,0,1,2,0,0,1.5489402794277953,-1.1028368386382617,70.0,8,1,1,0,1
147,LP001518,1,1,1,0,0,-0.6327439703393622,0.7329735209940091,30.0,8,1,1,0,1
148,LP001519,0,0,0,0,0,0.7524160027646061,0.7817065719116859,225.0,8,1,0,0,0
149,LP001520,1,1,0,0,0,-0.08895982585207997,0.5678590603430609,125.0,8,1,1,1,0
150,LP001528,1,0,0,0,0,0.1429914483015862,-1.1028368386382617,118.0,8,0,0,0,0
151,LP001529,1,1,0,0,1,-0.4626681948660672,1.042140982838648,152.0,8,1,1,0,0
152,LP001531,1,0,0,0,0,0.6158970453587079,-1.1028368386382617,244.0,8,1,0,0,1
153,LP001532,1,1,2,1,0,-0.5111209663194795,-1.1028368386382617,113.0,8,1,0,0,0
154,LP001535,1,0,0,0,0,-0.3518488493459317,-1.1028368386382617,50.0,8,1,1,0,1
155,LP001536,1,1,3,0,0,5.663006174490669,-1.1028368386382617,600.0,5,0,1,1,0
156,LP001541,1,1,1,0,0,0.09764882096173755,-1.1028368386382617,160.0,8,1,1,0,0
157,LP001543,1,1,1,0,0,0.6767903932663747,-1.1028368386382617,187.0,8,1,1,0,1
158,LP001546,1,0,0,0,0,-0.3967004012994282,0.8521669790391802,120.0,8,1,1,0,0
159,LP001552,1,1,0,0,0,-0.13430245319192863,1.177054932826804,255.0,8,1,1,1,0
160,LP001560,1,1,0,1,0,-0.5795441368178792,0.6364060640375978,98.0,8,1,1,1,0
161,LP001562,1,1,0,0,0,0.41406506156797374,-1.1028368386382617,275.0,8,1,0,0,1
162,LP001565,1,1,1,0,0,-0.3788579955953,0.6997662702273902,121.0,8,0,0,1,0
163,LP001570,1,1,2,0,0,-0.20239824009942695,0.7377317747048864,158.0,8,1,1,0,0
164,LP001572,1,1,0,0,0,0.6415966572444706,-1.1028368386382617,75.0,5,1,1,0,1
165,LP001574,1,1,0,0,0,-0.2776964660067568,0.986762479011435,182.0,8,1,1,0,0
166,LP001577,0,1,0,0,0,-0.13430245319192863,-1.1028368386382617,112.0,8,1,0,0,0
167,LP001578,1,1,0,0,0,-0.48525766263826614,1.00351953459703,129.0,8,1,1,0,0
168,LP001579,1,0,0,0,0,-0.518323405319311,-1.1028368386382617,63.0,9,0,0,1,0
169,LP001580,1,1,2,0,0,0.4250324118631718,-1.1028368386382617,200.0,8,1,1,1,0
170,LP001581,1,1,0,1,0,-0.58658288402226,0.800536751024085,95.0,8,1,1,0,0
171,LP001585,1,1,3,0,0,7.588676456172905,-1.1028368386382617,700.0,7,1,1,0,1
172,LP001586,1,1,3,1,0,-0.3079794481651395,-1.1028368386382617,81.0,5,1,0,0,0
173,LP001594,1,1,0,0,0,0.049850816690128155,1.177054932826804,187.0,8,1,1,1,0
174,LP001603,1,1,0,1,1,-0.17342479230465,0.5318617774103896,87.0,8,1,0,1,0
175,LP001606,1,1,0,0,0,-0.3120717430514074,0.8335211665932016,116.0,8,1,1,0,0
176,LP001608,1,1,2,0,0,-0.5497522300458487,0.7727475170596749,101.0,8,1,1,0,0
177,LP001610,1,1,3,0,0,0.018421991963590463,1.4168595746979353,495.0,8,0,0,1,0
178,LP001616,1,1,1,0,0,-0.270657718802376,-1.1028368386382617,116.0,8,1,1,1,0
179,LP001630,1,0,0,1,0,-0.5026089929560421,0.7385895952462954,102.0,9,0,0,0,1
180,LP001633,1,1,1,0,0,0.1631255391420244,1.2631560257658843,180.0,8,0,0,0,1
181,LP001634,1,0,0,0,0,-0.5708684716589912,1.1417191171467336,67.0,8,1,0,0,0
182,LP001636,1,1,0,0,0,-0.1315196926692664,-1.1028368386382617,73.0,5,1,1,1,0
183,LP001637,1,1,1,0,0,4.655810557082407,-1.1028368386382617,260.0,8,1,0,1,0
184,LP001639,0,1,0,0,0,-0.2911191932337156,-1.1028368386382617,108.0,8,1,1,1,0
185,LP001640,1,1,0,0,1,5.523540764766658,1.1204036076467991,120.0,8,1,1,1,0
186,LP001641,1,1,1,0,1,-0.5279812212509033,-1.1028368386382617,66.0,7,0,0,0,0
187,LP001643,1,1,0,0,0,-0.4944244031835063,0.8604484544291758,58.0,8,1,1,0,0
188,LP001644,1,1,0,0,1,-0.7741736816087819,1.1567960317761457,168.0,8,1,1,0,0
189,LP001647,1,1,0,0,0,0.6424151162217241,-1.1028368386382617,188.0,5,1,1,0,0
190,LP001653,1,0,0,1,0,-0.08486753096581204,-1.1028368386382617,48.0,8,1,1,0,0
191,LP001656,1,0,0,0,0,1.0797995936660403,-1.1028368386382617,164.0,8,1,0,1,0
192,LP001657,1,1,0,1,0,0.10305065021161122,-1.1028368386382617,160.0,8,1,0,0,1
193,LP001658,1,0,0,0,0,-0.2529790048936985,-1.1028368386382617,76.0,8,1,1,1,0
194,LP001664,1,0,0,0,0,-0.19846963700860973,-1.1028368386382617,120.0,8,1,1,0,0
195,LP001665,1,1,1,0,0,-0.3729650909590742,0.92091639035402,170.0,8,1,0,1,0
196,LP001666,1,0,0,0,0,0.4795417797482606,1.042140982838648,187.0,8,1,1,0,0
197,LP001669,0,0,0,1,0,-0.5723416978180477,0.8926342041980784,120.0,8,1,1,0,1
198,LP001671,0,1,0,0,0,-0.3253307784829155,0.9487623700398728,113.0,8,1,1,1,0
199,LP001673,1,0,0,0,1,0.9161077982153232,-1.1028368386382617,83.0,8,1,0,0,1
200,LP001674,1,1,1,1,0,-0.45890328357070065,0.9104230116613856,90.0,8,1,1,1,0
201,LP001677,1,0,2,0,0,-0.07864724273868479,-1.1028368386382617,166.0,8,0,1,1,0
202,LP001682,1,1,3,1,0,-0.23104430430330244,-1.1028368386382617,128.0,5,1,0,0,1
203,LP001688,1,1,1,1,0,-0.31158066766505527,0.6484712404889585,135.0,8,1,1,0,1
204,LP001691,1,1,2,1,0,-0.24332118896210622,-1.1028368386382617,124.0,8,1,1,1,0
205,LP001692,0,0,0,1,0,-0.1629485173958041,-1.1028368386382617,120.0,8,1,1,1,0
206,LP001693,0,0,0,0,0,-0.35348576730043885,-1.1028368386382617,80.0,8,1,1,0,1
207,LP001698,1,0,0,1,0,-0.23382706482596463,0.9143800471526355,55.0,8,1,1,0,0
208,LP001699,1,0,0,0,0,-0.47870999082023746,-1.1028368386382617,59.0,8,1,1,0,1
209,LP001702,1,0,0,0,0,-0.3250033948920141,-1.1028368386382617,127.0,8,1,0,1,0
210,LP001708,0,0,0,0,0,0.7524160027646061,-1.1028368386382617,214.0,8,1,0,1,0
211,LP001711,1,1,3,0,0,-0.32303909334660547,0.6924558783469742,128.0,8,0,0,1,0
212,LP001713,1,1,1,0,1,0.39016605943216903,-1.1028368386382617,240.0,8,1,1,0,1
213,LP001715,1,1,3,1,1,0.049032357712874564,-1.1028368386382617,130.0,8,1,1,0,0
214,LP001716,1,1,0,0,0,-0.3651078847774398,0.9715241717608254,137.0,8,1,1,0,1
215,LP001720,1,1,3,1,0,-0.25428853925730427,0.6189694907560508,100.0,8,1,1,1,0
216,LP001722,1,1,0,0,0,-0.8599481824249576,0.8060023488425568,135.0,8,1,0,0,0
217,LP001726,1,1,0,0,0,-0.2744226300977425,0.8016016027291393,131.0,8,1,1,1,0
218,LP001732,1,1,2,0,0,-0.06604297448897957,-1.1028368386382617,72.0,8,0,0,1,0
219,LP001734,0,1,2,0,0,-0.18340999182714376,0.8950604303441217,127.0,8,1,1,1,0
220,LP001736,1,1,0,0,0,-0.5209424740465225,-1.1028368386382617,60.0,8,0,0,0,1
221,LP001743,1,1,2,0,0,-0.22826154378064026,0.7911630558416858,116.0,8,1,1,1,0
222,LP001744,1,0,0,0,0,-0.3981736274584846,0.9458806097649406,144.0,8,1,1,1,0
223,LP001749,1,1,0,0,0,0.35595447418296916,0.6272035695180025,175.0,8,1,1,1,0
224,LP001750,1,1,0,0,0,0.13857176982441682,-1.1028368386382617,128.0,8,1,1,1,0
225,LP001751,1,1,0,0,0,-0.35250361652773454,-1.1028368386382617,170.0,8,1,0,0,0
226,LP001754,1,1,0,1,1,-0.1094213002834196,-1.1028368386382617,138.0,8,1,0,0,1
227,LP001758,1,1,2,0,0,0.13857176982441682,0.787116636033097,210.0,8,1,1,1,0
228,LP001760,1,1,0,0,0,-0.10565638898805312,-1.1028368386382617,158.0,9,1,1,1,0
229,LP001761,1,0,0,0,1,0.1631255391420244,-1.1028368386382617,200.0,8,1,1,0,0
230,LP001765,1,1,1,0,0,-0.47674568927482885,0.8477171940000082,104.0,8,1,1,1,0
231,LP001768,1,1,0,0,0,-0.27622323984770036,-1.1028368386382617,42.0,5,1,1,0,0
232,LP001770,1,0,0,1,0,-0.3624888160502283,0.922778872891616,120.0,8,1,1,0,0
233,LP001776,0,0,0,0,0,0.4795417797482606,-1.1028368386382617,280.0,8,1,1,1,0
234,LP001778,1,1,1,0,0,-0.3680543370955527,0.8023096245498658,140.0,8,1,1,1,0
235,LP001784,1,1,1,0,0,0.01580292323637899,0.6949108373149481,170.0,8,1,1,0,0
236,LP001786,1,1,0,0,0,0.0560711049172554,-1.1028368386382617,255.0,8,1,0,0,1
237,LP001788,0,0,0,0,1,-0.3176372640967318,-1.1028368386382617,122.0,8,1,1,0,1
238,LP001790,0,0,1,0,0,-0.2605088274844315,-1.1028368386382617,112.0,8,1,1,0,0
239,LP001792,1,1,1,0,0,-0.3418636498234379,-1.1028368386382617,96.0,8,1,1,1,0
240,LP001798,1,1,2,0,0,0.06802060598515776,1.137530388737126,120.0,8,1,1,0,0
241,LP001800,1,1,1,1,0,-0.4736355451612652,0.8365683457809528,140.0,5,1,0,0,1
242,LP001806,1,0,0,0,0,-0.3991557782311889,1.1815759804128512,155.0,2,1,1,0,1
243,LP001807,1,1,2,0,1,0.13857176982441682,0.7045508766189863,108.0,8,1,1,0,0
244,LP001811,1,1,0,1,0,-0.3269676964374227,1.0962232267390526,123.0,8,1,1,1,0
245,LP001813,1,0,0,0,1,0.10583341073427341,1.089852918893392,120.0,5,1,0,0,1
246,LP001814,1,1,2,0,0,0.703799539515743,-1.1028368386382617,112.0,8,1,1,0,1
247,LP001819,1,1,1,1,0,0.19717343259577355,-1.1028368386382617,137.0,5,1,1,0,1
248,LP001824,1,1,1,0,0,-0.41274219725359845,0.813438866499111,123.0,9,1,1,1,0
249,LP001825,1,1,0,0,0,-0.5883834937722179,0.8176877413721353,90.0,8,1,1,0,1
250,LP001835,1,1,0,1,0,-0.611464036930769,1.0542045013896346,201.0,8,0,0,1,0
251,LP001836,0,0,2,0,0,-0.3235301687329576,-1.1028368386382617,138.0,8,1,0,0,1
252,LP001841,1,0,0,1,1,-0.4616860440933629,0.8647346934669391,104.0,8,1,1,0,0
253,LP001843,1,1,1,1,0,-0.44891808404820693,1.256062173146381,279.0,5,1,1,1,0
254,LP001844,1,0,0,0,1,1.775489724331588,-1.1028368386382617,192.0,8,0,0,0,1
255,LP001846,0,0,3,0,0,-0.3798401463680043,-1.1028368386382617,255.0,8,1,1,0,0
256,LP001849,1,0,0,1,0,0.10501495175701982,-1.1028368386382617,115.0,8,0,0,0,0
257,LP001854,1,1,3,0,0,-0.02512002562630029,-1.1028368386382617,94.0,8,1,0,0,1
258,LP001859,1,1,0,0,0,1.5189846808603142,0.8547484557025937,304.0,8,1,0,0,0
259,LP001864,1,1,3,1,0,-0.07733770837507906,-1.1028368386382617,128.0,8,1,0,1,0
260,LP001865,1,1,1,0,0,0.11123523998414707,1.0834432761834294,330.0,8,1,1,0,1
261,LP001868,1,0,0,0,0,-0.5472968531140879,0.8708476459807217,134.0,8,1,1,1,0
262,LP001870,0,0,1,0,0,-0.3146908117786189,-1.1028368386382617,155.0,1,1,0,1,0
263,LP001871,0,0,0,0,0,0.2940789755025981,-1.1028368386382617,120.0,8,1,1,0,0
264,LP001872,1,0,0,0,1,-0.03887013644416053,-1.1028368386382617,128.0,8,1,1,1,0
265,LP001875,1,0,0,0,0,-0.21418404937187857,1.0145106180479204,151.0,8,1,1,0,0
266,LP001877,1,1,2,0,0,-0.11384097876058898,0.7245895819624955,150.0,8,1,1,1,0
267,LP001882,1,1,3,0,0,-0.1752254020546079,0.8079204909393568,160.0,8,0,1,0,1
268,LP001883,0,0,0,0,0,-0.3250033948920141,-1.1028368386382617,135.0,8,1,0,0,0
269,LP001884,0,0,1,0,0,-0.41372434802630276,0.7611481919640074,90.0,8,1,1,0,1
270,LP001888,0,0,0,0,0,-0.3546316098685939,-1.1028368386382617,30.0,8,1,1,0,1
271,LP001891,1,1,0,0,0,0.9400068003511278,-1.1028368386382617,136.0,8,1,1,0,1
272,LP001892,1,0,0,0,0,-0.42076309523068356,0.815824867049011,126.0,8,1,1,0,0
273,LP001894,1,1,0,0,0,-0.45562944766168634,0.8728610176833282,150.0,8,1,1,1,0
274,LP001896,1,1,2,0,0,-0.2461039494847684,-1.1028368386382617,90.0,8,1,1,1,0
275,LP001900,1,1,1,0,0,-0.4343495142530931,0.8132677861651926,115.0,8,1,1,1,0
276,LP001903,1,1,0,0,0,-0.23088061250785172,0.9976914990325344,207.0,8,1,1,1,0
277,LP001904,1,1,0,0,0,-0.37656631045899,0.7045508766189863,80.0,8,1,1,0,1
278,LP001907,1,1,0,0,0,1.5026155013152425,-1.1028368386382617,436.0,8,1,1,1,0
279,LP001908,0,1,0,1,0,-0.213365590394625,-1.1028368386382617,124.0,8,1,1,0,0
280,LP001910,1,0,1,1,1,-0.2210591047808087,0.9007873409951539,158.0,8,0,0,0,1
281,LP001914,1,1,0,0,0,-0.24168427100759904,0.5568060486368371,112.0,8,1,1,1,0
282,LP001915,1,1,2,0,0,-0.5078471304104651,0.619833208291275,78.0,5,1,1,0,1
283,LP001917,0,0,0,0,0,-0.5880561101813165,0.7817065719116859,54.0,8,1,1,0,1
284,LP001922,1,1,0,0,0,2.4985163848374055,-1.1028368386382617,128.0,8,1,0,0,0
285,LP001924,1,0,0,0,0,-0.3675632617092005,0.974945394436721,89.0,8,1,1,0,0
286,LP001925,0,0,0,0,1,-0.45890328357070065,0.7911630558416858,99.0,7,1,0,1,0
287,LP001926,1,1,0,0,0,-0.278187541393109,0.8392715788911479,120.0,8,1,1,0,0
288,LP001931,0,0,0,0,0,-0.20943698730380778,-1.1028368386382617,115.0,8,1,1,1,0
289,LP001935,1,0,0,0,0,0.6718796394028532,-1.1028368386382617,187.0,8,1,1,0,0
290,LP001936,1,1,0,0,0,-0.38114968073161004,0.8994640725515252,139.0,8,1,1,0,0
291,LP001938,1,1,2,0,0,-0.16425805175940986,-1.1028368386382617,127.0,8,0,0,1,0
292,LP001940,1,1,2,0,0,-0.3683817206864541,0.7611481919640074,134.0,8,1,1,0,1
293,LP001945,0,0,0,0,0,0.0022165042139694682,-1.1028368386382617,143.0,9,0,0,0,1
294,LP001947,1,1,0,0,0,-0.4944244031835063,1.0036174758726546,172.0,8,1,1,1,0
295,LP001949,1,1,3,0,0,-0.16163898303219837,0.6924558783469742,110.0,8,1,1,0,1
296,LP001953,1,1,1,0,0,0.24087914198111504,-1.1028368386382617,200.0,8,1,1,1,0
297,LP001954,0,1,1,0,0,-0.12071603416951909,-1.1028368386382617,135.0,8,1,1,0,1
298,LP001955,0,0,0,0,0,-0.06604297448897957,0.9156467876590294,151.0,9,1,0,0,0
299,LP001963,1,1,1,0,0,-0.5548266757048209,0.961052023217619,113.0,8,1,0,0,1
300,LP001964,1,1,0,1,0,-0.5898567199312744,0.9620474181531079,93.0,8,0,0,0,1
301,LP001972,1,1,0,1,0,-0.4138880398217535,0.7971421654679766,105.0,8,1,1,1,0
302,LP001974,0,0,0,0,0,-0.06604297448897957,-1.1028368386382617,132.0,8,1,1,0,0
303,LP001977,1,1,1,0,0,-0.6185027841351499,0.8065265696171541,96.0,8,1,1,0,1
304,LP001978,1,0,0,0,0,-0.2297347699396967,0.9104230116613856,140.0,8,1,1,0,0
305,LP001990,1,0,0,1,0,-0.557118360841131,-1.1028368386382617,128.0,8,1,0,0,1
306,LP001993,0,0,0,0,0,-0.2686934172569674,0.7817065719116859,135.0,8,1,1,0,0
307,LP001994,0,0,0,0,0,-0.4916416426608441,0.8168422630191141,104.0,8,0,0,0,1
308,LP001996,1,0,0,0,0,2.4274741456117943,-1.1028368386382617,480.0,8,1,0,0,0
309,LP001998,1,1,2,1,0,0.370523043978083,-1.1028368386382617,185.0,8,1,1,0,0
310,LP002002,0,0,0,0,0,-0.40701298441282335,-1.1028368386382617,84.0,8,1,1,1,0
311,LP002004,1,0,0,1,0,-0.4053760664583162,0.8980025128787907,111.0,8,1,1,1,0
312,LP002006,0,0,0,0,0,-0.47412662054761734,-1.1028368386382617,56.0,8,1,1,0,0
313,LP002008,1,1,2,0,1,0.0560711049172554,-1.1028368386382617,144.0,3,1,1,0,0
314,LP002024,1,1,0,0,0,-0.47969214159294177,0.813438866499111,159.0,8,1,0,0,0
315,LP002031,1,1,1,1,0,-0.3281135390055777,0.7767803286756234,111.0,5,1,1,0,1
316,LP002035,1,1,2,0,0,-0.27605954805224964,-1.1028368386382617,120.0,8,1,1,1,0
317,LP002036,1,1,0,0,0,-0.5476242367049894,0.8598529620637275,88.0,8,1,1,0,1
318,LP002043,0,0,1,0,0,-0.30486930405157586,-1.1028368386382617,112.0,8,1,1,1,0
319,LP002050,1,1,1,0,1,0.7524160027646061,-1.1028368386382617,155.0,8,1,0,0,0
320,LP002051,1,1,0,0,0,-0.4916416426608441,0.8647346934669391,115.0,8,1,1,1,0
321,LP002053,1,1,3,0,0,-0.17375217589555145,0.14254173259826042,124.0,8,1,1,1,0
322,LP002054,1,1,2,1,0,-0.2950477963245328,0.7670967505144521,128.0,8,1,1,0,0
323,LP002055,0,0,0,0,0,-0.3662537273455948,0.9676343023448959,132.0,8,1,1,0,0
324,LP002065,1,1,3,0,0,1.5708749800181916,-1.1028368386382617,300.0,8,1,1,0,0
325,LP002067,1,1,1,0,1,0.5340511476333494,1.1363915887619058,376.0,8,0,0,0,0
326,LP002068,1,0,0,0,0,-0.07962939351138909,-1.1028368386382617,130.0,8,0,1,0,0
327,LP002082,1,1,0,0,1,0.06785691418970703,0.8637050465203028,184.0,8,1,1,1,0
328,LP002086,0,1,0,0,0,-0.1752254020546079,0.9040731950312638,110.0,8,1,0,0,1
329,LP002087,0,0,0,0,0,-0.47527246311577237,-1.1028368386382617,67.0,8,1,1,0,1
330,LP002097,1,0,1,0,0,-0.16687712048662132,0.8047759640006967,117.0,8,1,1,0,1
331,LP002098,1,0,0,0,0,-0.40406653209471044,-1.1028368386382617,98.0,8,1,1,1,0
332,LP002100,1,0,0,0,0,-0.42076309523068356,-1.1028368386382617,71.0,8,1,1,0,1
333,LP002101,1,1,0,0,0,9.483245296719506,-1.1028368386382617,490.0,5,1,1,0,1
334,LP002103,1,1,1,0,1,0.7250794729243363,0.8117241197788808,182.0,5,1,1,0,1
335,LP002106,1,1,0,0,1,0.01629399862273114,1.1016674213365474,70.0,8,1,1,1,0
336,LP002110,1,1,1,0,0,-0.02512002562630029,0.5117774895919517,160.0,8,1,1,0,0
337,LP002112,1,1,2,0,1,-0.47527246311577237,1.1097157064688614,176.0,8,1,1,0,0
338,LP002113,0,0,3,1,0,-0.5849459660677528,-1.1028368386382617,128.0,8,0,0,0,1
339,LP002114,0,0,0,0,0,-0.20354408266758195,-1.1028368386382617,71.0,8,1,1,1,0
340,LP002115,1,1,3,1,0,-0.451209769184517,0.7665066667771046,173.0,8,1,0,0,0
341,LP002116,0,0,0,0,0,-0.49524286216075986,-1.1028368386382617,46.0,8,1,0,0,0
342,LP002119,1,1,1,1,0,-0.13904951525999942,0.6872397738209368,158.0,8,1,1,0,1
343,LP002126,1,1,3,1,0,-0.3651078847774398,-1.1028368386382617,74.0,8,1,1,1,0
344,LP002128,1,1,2,0,0,-0.4616860440933629,0.8878663999268087,125.0,8,1,1,0,0
345,LP002129,1,1,0,0,0,-0.4754361549112231,0.904987584314833,160.0,8,1,1,1,0
346,LP002130,1,1,0,1,0,-0.3078157563696888,0.9932804849417651,152.0,8,0,0,0,0
347,LP002131,1,1,2,1,0,-0.3798401463680043,0.8648815304076692,126.0,8,1,1,0,1
348,LP002137,1,1,0,0,0,0.15215818884682636,1.1084837902944422,259.0,8,1,1,1,0
349,LP002138,1,1,0,0,0,-0.45481098868443276,1.2126444987659413,187.0,8,1,1,0,0
350,LP002139,1,1,0,0,0,0.6023106263362985,-1.1028368386382617,228.0,8,1,1,1,0
351,LP002140,1,0,0,0,0,0.5478012584512096,1.0769147542037931,308.0,8,1,0,0,0
352,LP002141,1,1,3,0,0,-0.44809962507095336,0.8521669790391802,95.0,8,1,1,0,0
353,LP002142,0,1,0,0,1,0.01580292323637899,-1.1028368386382617,105.0,8,0,0,0,0
354,LP002143,0,1,0,0,0,-0.4878767313654776,0.4207270772228862,130.0,8,1,1,1,0
355,LP002144,0,0,0,0,0,-0.2603451356889808,-1.1028368386382617,116.0,5,1,1,0,1
356,LP002149,1,1,2,0,0,0.4795417797482606,0.9868652726290139,165.0,8,1,1,0,0
357,LP002151,1,1,1,0,0,-0.2501962443710363,-1.1028368386382617,67.0,8,1,0,0,1
358,LP002158,1,1,0,1,0,-0.3934265653904138,0.7817065719116859,100.0,9,0,0,0,1
359,LP002160,1,1,3,0,0,-0.038706444648709815,0.9868652726290139,200.0,8,1,1,1,0
360,LP002161,0,0,1,0,0,-0.11138560182882822,-1.1028368386382617,81.0,8,1,0,1,0
361,LP002170,1,1,2,0,0,-0.06604297448897957,1.0347873714941807,236.0,8,1,1,1,0
362,LP002175,1,1,0,0,0,-0.10696592335165886,0.8882776996937887,130.0,8,1,1,0,1
363,LP002178,1,1,0,0,0,-0.3912985720495545,0.9728111080849005,95.0,7,1,1,0,1
364,LP002180,1,0,0,0,1,0.23220347682222703,-1.1028368386382617,141.0,8,1,1,0,0
365,LP002181,1,0,0,1,0,0.13300624877909245,-1.1028368386382617,133.0,8,1,0,0,0
366,LP002187,1,0,0,0,0,-0.47527246311577237,-1.1028368386382617,96.0,9,1,0,1,0
367,LP002188,1,0,0,0,0,-0.04574519185309065,-1.1028368386382617,124.0,8,0,0,0,0
368,LP002190,1,1,1,0,0,0.15084865448322063,-1.1028368386382617,175.0,8,1,1,1,0
369,LP002191,1,1,0,0,0,2.3451371725000834,1.1548902139742234,570.0,8,1,0,0,0
370,LP002194,0,0,0,0,1,1.695117052765286,-1.1028368386382617,55.0,8,1,1,1,0
371,LP002197,1,1,2,0,0,-0.0357599923305969,-1.1028368386382617,155.0,8,1,1,1,0
372,LP002201,1,1,2,0,1,0.6415966572444706,1.2914035913970543,380.0,7,1,1,0,0
373,LP002205,1,0,1,0,0,-0.3832776740724694,0.8372063562946098,111.0,5,0,0,0,1
374,LP002209,0,0,0,0,0,-0.4320578291167831,0.7402985847397701,110.0,8,1,1,0,1
375,LP002211,1,1,0,0,0,-0.09599857305646081,0.5998826709168817,120.0,5,1,1,0,1
376,LP002219,1,1,3,0,0,0.5478012584512096,1.137262763934036,130.0,8,1,1,0,0
377,LP002223,1,1,0,0,0,-0.1789903133499744,-1.1028368386382617,130.0,8,1,1,1,0
378,LP002224,1,0,0,0,0,-0.38213183150431435,-1.1028368386382617,71.0,9,1,0,0,1
379,LP002225,1,1,2,0,0,-0.002039482467749177,-1.1028368386382617,130.0,8,1,1,0,1
380,LP002226,1,1,0,0,0,-0.338917197505325,0.9104230116613856,128.0,8,1,1,1,0
381,LP002229,1,0,0,0,0,0.08799100503014524,1.0820377028104604,296.0,8,1,1,1,0
382,LP002231,0,0,0,0,0,0.09764882096173755,-1.1028368386382617,156.0,8,1,1,0,1
383,LP002234,1,0,0,0,1,0.28867714625272445,-1.1028368386382617,128.0,8,1,1,0,1
384,LP002236,1,1,2,0,0,-0.13708521371459081,-1.1028368386382617,100.0,8,1,0,0,1
385,LP002237,1,0,1,0,0,-0.2842441378247855,-1.1028368386382617,113.0,5,1,1,0,1
386,LP002239,1,0,0,1,0,-0.5004809996151828,0.7690561615992298,132.0,8,1,1,1,0
387,LP002243,1,1,0,1,0,-0.39178964743590666,0.9836643793333827,128.0,8,0,0,0,1
388,LP002244,1,1,0,0,0,-0.5026089929560421,0.8995966310282062,136.0,8,1,1,0,1
389,LP002250,1,1,0,0,0,0.013838621690970384,-1.1028368386382617,125.0,8,1,1,0,0
390,LP002255,1,0,3,0,0,0.6160607371541587,-1.1028368386382617,185.0,8,1,1,0,0
391,LP002262,1,1,3,0,0,0.6712248722210503,-1.1028368386382617,275.0,8,1,1,0,0
392,LP002263,1,1,0,0,0,-0.4616860440933629,0.8570099560275386,120.0,8,1,1,0,1
393,LP002265,1,1,2,1,0,-0.558264203409286,0.7739047459340723,113.0,5,1,1,1,0
394,LP002266,1,1,2,0,0,-0.3770573858453421,0.7274818200155008,113.0,8,1,1,0,1
395,LP002272,1,1,2,0,0,-0.34824762984601587,0.4083537876053836,135.0,8,1,1,1,0
396,LP002277,0,0,0,0,0,-0.36396204220928474,-1.1028368386382617,71.0,8,0,0,0,1
397,LP002281,1,1,0,0,0,-0.38802473614054017,0.7402985847397701,95.0,8,1,1,0,1
398,LP002284,1,0,0,1,0,-0.24577656589386698,0.7817065719116859,109.0,8,1,1,0,0
399,LP002287,0,0,0,0,0,-0.6389642585664895,0.8060023488425568,103.0,8,0,0,1,0
400,LP002288,1,1,2,1,0,-0.4115963546854434,-1.1028368386382617,45.0,5,0,0,0,1
401,LP002296,1,0,0,1,0,-0.4335310552758395,-1.1028368386382617,65.0,7,1,0,0,0
402,LP002297,1,0,0,0,0,-0.47527246311577237,1.620599639396971,103.0,8,1,1,1,0
403,LP002300,0,0,0,1,0,-0.5631749572728075,-1.1028368386382617,53.0,8,1,1,1,0
404,LP002301,0,0,0,0,1,0.33352869820622094,-1.1028368386382617,194.0,8,1,0,0,0
405,LP002305,0,0,0,0,0,-0.14019535782815443,-1.1028368386382617,115.0,8,1,1,1,0
406,LP002308,1,1,0,1,0,-0.5297818310008612,0.897336087537152,115.0,8,1,1,0,1
407,LP002314,0,0,0,1,0,-0.5222520084101282,-1.1028368386382617,66.0,8,1,1,0,0
408,LP002315,1,1,1,0,0,0.4741399504983869,-1.1028368386382617,152.0,7,0,0,1,0
409,LP002317,1,1,3,0,0,12.374533479765521,-1.1028368386382617,360.0,8,0,0,0,0
410,LP002318,0,0,1,1,1,-0.2515057787346421,-1.1028368386382617,62.0,8,1,0,1,0
411,LP002319,1,1,0,0,0,0.13955392059712113,-1.1028368386382617,160.0,8,1,1,0,1
412,LP002328,1,1,0,1,0,0.11336323332500639,-1.1028368386382617,218.0,8,0,0,0,0
413,LP002332,1,1,0,1,0,-0.5157043365920995,0.8444578898578305,110.0,8,1,1,0,0
414,LP002335,0,1,0,1,0,-0.5327282833189741,0.993986004405426,178.0,8,0,0,1,0
415,LP002337,0,0,0,0,0,-0.3942450243676674,-1.1028368386382617,60.0,8,1,1,0,1
416,LP002341,0,0,1,0,0,-0.45890328357070065,-1.1028368386382617,160.0,8,1,0,0,1
417,LP002342,1,1,2,0,1,-0.6225950790214178,1.620599639396971,239.0,8,1,0,0,1
418,LP002345,1,1,0,0,0,-0.7167178614055801,0.9437906661362365,112.0,8,1,1,0,0
419,LP002347,1,1,0,0,0,-0.3531583837095374,0.7312261019077848,138.0,8,1,1,1,0
420,LP002348,1,1,0,0,0,0.06965752393966493,-1.1028368386382617,138.0,8,1,1,0,0
421,LP002357,0,0,0,1,0,-0.4392602681166146,-1.1028368386382617,80.0,8,0,0,0,1
422,LP002361,1,1,0,0,0,-0.58658288402226,0.7915284903572551,100.0,8,1,1,0,1
423,LP002362,1,1,1,0,0,0.302263565275134,0.7818945952900874,110.0,8,0,0,0,1
424,LP002364,1,1,0,0,0,1.5512319645641055,-1.1028368386382617,96.0,8,1,1,1,0
425,LP002366,1,1,0,0,0,-0.44809962507095336,1.087318457509518,121.0,8,1,1,0,0
426,LP002367,0,0,1,1,0,-0.1305375418965621,-1.1028368386382617,81.0,8,1,0,0,0
427,LP002368,1,1,2,0,0,0.08700885425744094,-1.1028368386382617,133.0,8,1,1,1,0
428,LP002369,1,1,0,0,0,-0.4065219090264712,-0.4765744884773072,87.0,8,1,1,0,0
429,LP002370,1,0,0,1,0,-0.4397513435029668,-1.1028368386382617,60.0,5,1,1,0,1
430,LP002377,0,0,1,0,1,0.5271760922244193,-1.1028368386382617,150.0,8,1,1,1,0
431,LP002379,1,0,0,0,0,0.17949471868709613,-1.1028368386382617,105.0,8,0,0,0,0
432,LP002386,1,0,0,0,0,1.2231936064808686,-1.1028368386382617,405.0,8,1,1,1,0
433,LP002387,1,1,0,0,0,-0.48754934777457615,0.8892354675855056,143.0,8,1,1,1,0
434,LP002390,1,0,0,0,0,-0.270657718802376,-1.1028368386382617,100.0,8,1,1,0,1
435,LP002393,0,1,0,0,0,0.7601095171507898,-1.1028368386382617,128.0,6,1,1,1,0
436,LP002398,1,0,0,0,0,-0.569231553704484,0.8148043743379554,50.0,8,1,1,1,0
437,LP002401,1,1,0,0,0,-0.5222520084101282,0.6601042368953,128.0,8,1,1,0,1
438,LP002403,1,0,0,0,1,0.8205117896721044,-1.1028368386382617,187.0,8,0,0,0,1
439,LP002407,0,1,0,1,1,0.2845848513664565,-1.1028368386382617,138.0,8,1,1,0,0
440,LP002408,1,0,0,0,0,-0.2853899803929405,1.1417852086678453,187.0,8,1,1,1,0
441,LP002409,1,1,0,0,0,0.4088269241135508,0.8117241197788808,180.0,8,1,1,0,0
442,LP002418,1,0,3,1,0,-0.11400467055603969,0.8381611104017925,148.0,8,1,1,1,0
443,LP002422,1,0,1,0,0,5.289788880863034,-1.1028368386382617,152.0,8,1,1,1,0
444,LP002424,1,1,0,0,0,0.31584998429754346,1.3109410021360957,175.0,7,1,1,0,0
445,LP002429,1,1,1,0,1,-0.31714618871037964,0.6824477107139286,130.0,8,1,1,0,0
446,LP002434,1,1,2,1,0,-0.12300771930582913,-1.1028368386382617,110.0,8,1,1,0,0
447,LP002435,1,1,0,0,0,-0.3051966876424773,0.7221223215334122,55.0,8,1,0,0,0
448,LP002443,1,1,2,0,0,-0.33777135493717,0.7898808744145094,150.0,8,0,0,0,0
449,LP002444,1,0,1,1,1,-0.43123937013952945,0.7575271997237666,190.0,8,1,0,1,0
450,LP002446,1,1,2,1,0,-0.5065375960468593,0.6936856572275871,125.0,8,0,0,0,0
451,LP002447,1,1,2,1,0,-0.563993416250061,0.7396587488338261,60.0,7,1,1,0,1
452,LP002448,1,1,0,0,0,-0.238246743303134,0.7940753909056142,149.0,8,0,0,0,0
453,LP002449,1,1,0,0,0,-0.47805522363843456,0.9060296057609949,90.0,5,0,1,0,0
454,LP002453,1,0,0,0,1,0.27525441902576564,-1.1028368386382617,84.0,8,1,1,1,0
455,LP002455,1,1,2,0,0,-0.25281531309824784,-1.1028368386382617,96.0,8,1,1,1,0
456,LP002459,1,1,0,0,0,-0.18046353950903085,-1.1028368386382617,118.0,8,1,1,0,1
457,LP002467,1,1,0,0,0,-0.2775327742113061,0.9191688702254042,173.0,8,1,0,0,1
458,LP002472,1,0,2,0,0,-0.17178787435014284,-1.1028368386382617,136.0,8,1,1,0,0
459,LP002473,1,1,0,0,0,0.47970547154371135,-1.1028368386382617,160.0,8,1,0,1,0
460,LP002478,1,1,0,0,1,-0.5435319418187214,1.0701817958104238,160.0,8,1,1,1,0
461,LP002484,1,1,3,0,0,0.3824725450459853,-1.1028368386382617,128.0,5,1,1,0,1
462,LP002487,1,1,0,0,0,-0.3909711884586531,0.8678049678308783,153.0,8,1,1,0,0
463,LP002489,0,0,1,1,0,-0.034777841557892604,-1.1028368386382617,132.0,8,1,1,1,0
464,LP002493,1,0,0,0,0,-0.20256193189487764,-1.1028368386382617,98.0,8,0,0,1,0
465,LP002494,1,0,0,0,0,0.09764882096173755,-1.1028368386382617,140.0,8,1,1,0,0
466,LP002500,1,1,3,1,0,-0.40210223054930183,0.7813302064880006,70.0,5,0,0,0,1
467,LP002501,1,1,0,0,0,1.8478414979208049,-1.1028368386382617,110.0,8,1,1,1,0
468,LP002502,0,1,2,1,0,-0.8501266746979146,0.9601648057473936,98.0,8,1,1,1,0
469,LP002505,1,1,0,0,0,-0.1752254020546079,0.9040731950312638,110.0,8,1,0,0,1
470,LP002515,1,1,1,0,1,-0.3197652574375911,0.8515566931450821,162.0,8,1,1,1,0
471,LP002517,1,1,1,1,0,-0.4502276184118127,0.7489211648804954,113.0,5,0,0,0,0
472,LP002519,1,1,3,0,0,-0.11662373928325116,-1.1028368386382617,100.0,8,1,1,1,0
473,LP002522,0,0,0,0,1,-0.47527246311577237,-1.1028368386382617,93.0,8,1,1,0,1
474,LP002524,1,0,2,0,0,0.021041060690801937,1.1131710745143404,162.0,8,1,1,0,0
475,LP002527,1,1,2,0,1,1.8205049680805352,0.6284057931035546,150.0,8,1,1,0,0
476,LP002529,1,1,2,0,0,0.21223307777723954,0.7971421654679766,230.0,7,1,1,1,0
477,LP002530,1,1,2,0,0,-0.4142154234126549,0.8183625927977208,132.0,8,0,0,1,0
478,LP002531,1,1,1,0,1,1.843749203034537,0.8767104897336425,86.0,8,1,1,1,0
479,LP002533,1,1,2,0,0,-0.40210223054930183,0.7696417391278769,128.0,8,1,0,0,1
480,LP002534,0,0,0,1,0,-0.17244264153194572,-1.1028368386382617,154.0,8,1,1,0,0
481,LP002536,1,1,3,1,0,-0.3778758448225957,-1.1028368386382617,113.0,8,1,1,0,0
482,LP002537,1,1,0,0,0,-0.5435319418187214,0.9851136133625721,128.0,8,1,1,1,0
483,LP002541,1,1,0,0,0,0.8887712683750534,-1.1028368386382617,234.0,8,1,1,1,0
484,LP002543,1,1,2,0,0,0.4795417797482606,-1.1028368386382617,246.0,8,1,1,1,0
485,LP002544,1,1,1,1,0,-0.563993416250061,0.9021054880668747,131.0,8,1,1,0,0
486,LP002545,1,0,2,0,0,-0.30388715327887156,-1.1028368386382617,80.0,8,0,0,0,0
487,LP002547,1,1,1,0,0,2.116459734255432,-1.1028368386382617,500.0,8,1,0,0,1
488,LP002555,1,1,2,0,1,-0.13430245319192863,0.8521669790391802,160.0,8,1,1,1,0
489,LP002556,1,0,0,0,0,-0.485912429820069,-1.1028368386382617,75.0,8,1,0,0,1
490,LP002560,1,0,0,1,0,-0.44269779582107965,0.9451853744179736,96.0,8,1,1,1,0
491,LP002562,1,1,1,1,0,-0.01153360660389077,0.6617326494563567,186.0,8,1,1,0,1
492,LP002571,1,0,0,1,0,-0.2803155347339683,-1.1028368386382617,110.0,8,1,1,0,0
493,LP002582,0,0,0,1,1,1.9413095131231644,-1.1028368386382617,225.0,8,1,1,1,0
494,LP002585,1,1,0,0,0,-0.2957025635063357,0.8632628080499196,119.0,8,0,0,0,0
495,LP002586,0,1,1,0,0,-0.34006304007348004,0.5965886025972575,105.0,3,1,1,1,0
496,LP002587,1,1,0,1,0,-0.45890328357070065,0.7880405965034685,107.0,8,1,1,0,0
497,LP002588,1,1,0,0,0,-0.1274273977829985,0.9534367568630437,111.0,0,1,1,0,1
498,LP002600,1,1,1,0,1,-0.4106142039127391,-1.1028368386382617,95.0,8,1,1,1,0
499,LP002602,1,0,0,0,0,0.1439735990742905,1.0961480625379916,209.0,8,0,0,0,0
500,LP002603,0,0,0,0,0,-0.7789207436768526,1.0362170373910435,113.0,9,1,1,0,0
501,LP002606,0,0,0,0,0,-0.3673995699137498,-1.1028368386382617,100.0,8,1,1,1,0
502,LP002615,1,1,2,0,0,-0.08814136687482639,1.1769950631021049,208.0,8,1,1,1,0
503,LP002618,1,1,1,1,0,-0.22155018016716085,1.1571759760134661,138.0,8,1,0,0,0
504,LP002619,1,1,0,1,0,-0.2601814438935301,0.7453731803657196,124.0,7,1,1,1,0
505,LP002622,1,1,2,0,0,-0.3099437497105481,1.0961480625379916,243.0,8,1,1,0,0
506,LP002624,1,1,0,0,0,2.5256892228822245,1.2345714369577363,480.0,8,1,1,0,1
507,LP002625,1,0,0,0,0,-0.29799424864264573,-1.1028368386382617,96.0,8,1,0,0,1
508,LP002626,1,1,0,0,1,-0.47870999082023746,0.9706635396040477,188.0,8,1,1,0,1
509,LP002634,0,0,1,0,0,1.2863786395248453,-1.1028368386382617,40.0,8,1,1,0,1
510,LP002637,1,0,0,1,0,-0.295538871710885,0.7014488295440956,100.0,8,1,0,0,0
511,LP002640,1,1,1,0,0,0.10828878766603417,0.8399044919544589,250.0,8,1,1,1,0
512,LP002643,1,1,2,0,0,-0.3471017872778609,0.8447696608836562,148.0,8,1,1,0,1
513,LP002648,1,1,0,0,0,-0.5358384274325377,1.2345204157980365,70.0,5,1,0,1,0
514,LP002652,1,0,0,0,0,0.06736583880335488,1.0346978226177024,311.0,8,1,0,0,0
515,LP002659,1,1,3,0,0,-0.31714618871037964,1.0127027475131591,150.0,8,1,1,0,0
516,LP002670,0,1,2,0,0,-0.5520439151821587,0.7752497777552919,113.0,9,1,1,1,0
517,LP002682,1,1,0,1,0,-0.38131337252706077,0.8060023488425568,123.0,8,0,0,1,0
518,LP002683,1,0,0,0,0,-0.1179332736468569,0.82553280210713,185.0,8,1,0,1,0
519,LP002684,0,0,0,1,0,-0.327949847210127,-1.1028368386382617,95.0,8,1,0,0,0
520,LP002689,1,1,2,1,0,-0.5256895361145932,0.7957024844073366,45.0,8,1,1,1,0
521,LP002690,1,0,0,0,0,-0.47527246311577237,-1.1028368386382617,55.0,8,1,1,1,0
522,LP002692,1,1,3,0,1,0.04477637103115592,0.7327555988879841,100.0,8,1,1,0,0
523,LP002693,1,1,2,0,1,0.4165204384997345,1.259173866648332,480.0,8,1,1,0,0
524,LP002697,1,0,0,0,0,-0.11842434903320906,0.8527761635159424,128.0,8,1,0,1,0
525,LP002699,1,1,2,0,1,1.9801044686449842,-1.1028368386382617,400.0,8,1,1,0,0
526,LP002705,1,1,0,0,0,-0.26656542391610805,-1.1028368386382617,110.0,8,1,1,1,0
527,LP002706,1,1,1,1,0,-0.019390812785525194,0.7340609787872838,161.0,8,0,1,1,0
528,LP002714,1,0,1,1,0,-0.445971631730094,0.7050255234121201,94.0,8,1,1,1,0
529,LP002716,1,0,0,1,0,0.22581949679964905,-1.1028368386382617,130.0,8,1,1,1,0
530,LP002717,1,1,0,0,0,-0.7167178614055801,1.169492463274732,216.0,8,1,1,0,0
531,LP002720,1,1,3,0,0,-0.1837373754180452,-1.1028368386382617,100.0,8,1,1,0,1
532,LP002723,1,0,2,0,0,-0.29717578966539215,-1.1028368386382617,110.0,8,0,0,0,0
533,LP002729,1,0,1,0,0,0.9570307470780025,-1.1028368386382617,196.0,8,1,0,1,0
534,LP002731,0,0,0,1,1,2.088959512619711,-1.1028368386382617,125.0,8,1,1,0,1
535,LP002732,1,0,0,1,0,-0.46708787334323654,0.8458585943233375,126.0,8,1,1,0,0
536,LP002734,1,1,0,0,0,0.11941982975668293,1.0555570802666843,324.0,8,1,1,0,1
537,LP002738,1,0,2,0,0,-0.29242872759732136,-1.1028368386382617,107.0,8,1,1,1,0
538,LP002739,1,1,0,1,0,-0.40701298441282335,0.4381364051196495,66.0,8,1,0,0,0
539,LP002740,1,1,3,0,0,0.1659082996646866,-1.1028368386382617,157.0,5,1,1,0,0
540,LP002741,0,1,1,0,0,-0.13021015830566068,0.9520752106220964,140.0,5,1,1,1,0
541,LP002743,0,0,0,0,0,-0.534528893068932,-1.1028368386382617,99.0,8,0,0,1,0
542,LP002753,0,0,1,0,0,-0.28669951475654626,-1.1028368386382617,95.0,8,1,1,1,0
543,LP002755,1,1,1,1,0,-0.5179960217284095,0.9134905242409536,128.0,8,1,1,0,1
544,LP002757,0,1,0,1,0,-0.39064380486775163,0.5007892377788481,102.0,8,1,1,1,0
545,LP002767,1,1,0,0,0,-0.4314030619349802,0.8312580811716008,155.0,8,1,1,0,0
546,LP002768,1,0,0,1,0,-0.3348249026190571,-1.1028368386382617,80.0,1,1,0,1,0
547,LP002772,1,0,0,0,0,-0.47101647643405375,0.8030161505617157,145.0,8,1,1,0,0
548,LP002776,0,0,0,0,0,-0.06604297448897957,-1.1028368386382617,103.0,8,0,0,1,0
549,LP002777,1,1,0,0,0,-0.428620301412318,0.8417961261448696,110.0,8,1,1,0,0
550,LP002778,1,1,2,0,1,0.2012657274820415,-1.1028368386382617,128.0,8,0,0,0,0
551,LP002784,1,1,1,1,0,-0.4765819974793781,0.8939842435376513,128.0,8,1,1,0,0
552,LP002785,1,1,1,0,0,-0.338917197505325,0.9952924550018959,158.0,8,1,1,0,1
553,LP002788,1,1,0,1,0,-0.48280228570650535,0.8882776996937887,181.0,8,0,0,0,1
554,LP002789,1,1,0,0,0,-0.2963573306881386,1.084687980385784,132.0,5,0,0,0,0
555,LP002792,1,1,1,0,0,0.010564785781956042,0.6337612076219633,26.0,8,1,1,1,0
556,LP002794,0,0,0,0,0,-0.44793593327550263,0.7739047459340723,84.0,8,1,1,0,1
557,LP002795,1,1,3,0,1,0.7751691623322557,-1.1028368386382617,260.0,8,1,1,1,0
558,LP002798,1,1,0,0,0,-0.24823194282562774,0.9314595975422396,162.0,8,1,1,1,0
559,LP002804,0,1,0,0,0,-0.2002702467585676,0.8845579510631707,182.0,8,1,1,1,0
560,LP002807,1,1,2,1,0,-0.28293460346117977,0.21091589938110492,108.0,8,1,1,1,0
561,LP002813,0,1,1,0,1,2.304868990819207,-1.1028368386382617,600.0,8,1,1,1,0
562,LP002820,1,1,0,0,0,0.08504455271203233,0.8477171940000082,211.0,8,1,1,0,0
563,LP002821,1,0,0,1,1,0.06491046187159413,-1.1028368386382617,132.0,8,1,1,1,0
564,LP002832,1,1,2,0,0,0.5558221564282948,-1.1028368386382617,258.0,8,0,0,0,1
565,LP002833,1,1,0,1,0,-0.1532907014642118,-1.1028368386382617,120.0,8,1,1,0,0
566,LP002836,1,0,0,0,0,-0.338917197505325,-1.1028368386382617,70.0,8,1,1,0,1
567,LP002837,1,1,3,0,0,-0.327949847210127,0.9104230116613856,123.0,8,0,0,0,0
568,LP002840,0,0,0,0,0,-0.49524286216075986,-1.1028368386382617,9.0,8,1,0,0,1
569,LP002841,1,1,0,0,0,-0.3662537273455948,0.849258241020833,104.0,8,0,0,0,1
570,LP002842,1,1,1,0,0,-0.3251670866874648,0.7971421654679766,186.0,8,1,1,0,1
571,LP002847,1,1,0,0,0,-0.04705472621669639,0.7385895952462954,165.0,8,0,0,0,1
572,LP002855,1,1,2,0,0,1.8435855112390862,-1.1028368386382617,275.0,8,1,1,0,1
573,LP002862,1,1,2,1,0,0.1181102953930772,0.7739047459340723,187.0,9,1,0,1,0
574,LP002863,1,1,3,0,0,0.1641076899147287,-1.1028368386382617,150.0,8,1,0,1,0
575,LP002868,1,1,2,0,0,-0.3673995699137498,0.3942097036013724,108.0,3,1,1,0,1
576,LP002872,1,1,0,0,0,-0.37918537918620143,0.8709918557604351,136.0,8,0,0,1,0
577,LP002874,1,0,0,0,0,-0.3559411442321996,0.9398079342080351,110.0,8,1,1,0,1
578,LP002877,1,1,1,0,0,-0.5928031722493873,0.8741490388346069,107.0,8,1,1,0,0
579,LP002888,1,0,0,0,0,-0.3636346586183833,0.9601648057473936,161.0,8,1,1,0,1
580,LP002892,1,1,2,0,0,0.1860423905051248,-1.1028368386382617,205.0,8,1,1,1,0
581,LP002893,1,0,0,0,0,-0.5839638152950486,1.8144036589420087,90.0,8,1,0,0,1
582,LP002894,0,1,0,0,0,-0.3662537273455948,-1.1028368386382617,36.0,8,1,1,1,0
583,LP002898,1,1,1,0,0,-0.576761376295217,-1.1028368386382617,61.0,8,1,0,0,0
584,LP002911,1,1,1,0,0,-0.4282929178214166,0.8258626021806353,146.0,8,0,0,0,0
585,LP002912,1,1,1,0,0,-0.18340999182714376,0.9692604163940796,172.0,3,1,0,0,0
586,LP002916,1,1,0,0,0,-0.5085018975922679,0.7534569516405322,104.0,8,1,1,0,1
587,LP002917,0,0,0,1,0,-0.5301092145917626,-1.1028368386382617,70.0,8,1,1,1,0
588,LP002925,1,0,0,0,0,-0.10696592335165886,-1.1028368386382617,94.0,8,1,1,1,0
589,LP002926,1,1,2,0,1,-0.4382781173439103,-1.1028368386382617,106.0,8,0,0,1,0
590,LP002928,1,1,0,0,0,-0.3934265653904138,1.0115560708311766,56.0,5,1,1,1,0
591,LP002931,1,1,2,0,1,0.09764882096173755,-1.1028368386382617,205.0,6,1,0,1,0
592,LP002933,1,0,3,0,1,0.6471621782897949,-1.1028368386382617,292.0,8,1,1,1,0
593,LP002936,1,1,0,0,0,-0.25281531309824784,1.0002718632931213,142.0,5,1,1,0,0
594,LP002938,1,1,0,0,1,1.7542097909229948,-1.1028368386382617,260.0,8,1,1,0,1
595,LP002940,1,0,0,1,0,-0.25707129977996646,-1.1028368386382617,110.0,8,1,1,0,0
596,LP002941,1,1,2,1,1,0.16034277861936222,0.6241783132224592,187.0,8,1,0,0,0
597,LP002943,1,0,0,0,0,-0.39555455873127315,-1.1028368386382617,88.0,8,0,0,1,0
598,LP002945,1,1,0,0,1,0.7463594063329295,-1.1028368386382617,180.0,8,1,1,0,0
599,LP002948,1,1,2,0,0,0.06163662596257979,-1.1028368386382617,192.0,8,1,1,0,1
600,LP002949,0,0,3,0,0,-0.8164061648350669,1.8927977112896601,350.0,5,1,0,0,1
601,LP002950,1,1,0,1,0,-0.41077789570818984,0.9459963455985257,155.0,8,1,1,0,0
602,LP002953,1,1,3,0,0,0.049032357712874564,-1.1028368386382617,128.0,8,1,1,0,1
603,LP002958,1,0,0,0,0,-0.28277091166572904,1.0873955278539285,172.0,8,1,1,0,0
604,LP002959,0,1,1,0,0,1.0797995936660403,-1.1028368386382617,496.0,8,1,1,1,0
605,LP002960,1,1,0,1,0,-0.4916416426608441,1.0464973003115248,128.0,5,1,0,0,1
606,LP002961,1,1,1,0,0,-0.327949847210127,0.9104230116613856,173.0,8,1,1,1,0
607,LP002964,1,1,2,1,0,-0.23186276328055602,0.7299094381897339,157.0,8,1,1,0,0
608,LP002974,1,1,0,0,0,-0.35545006884584746,0.8312580811716008,108.0,8,1,1,0,0
609,LP002978,0,0,0,0,0,-0.40979574493548554,-1.1028368386382617,71.0,8,1,1,0,0
610,LP002979,1,1,3,0,0,-0.2123834396219207,-1.1028368386382617,40.0,5,1,1,0,0
611,LP002983,1,1,1,0,0,0.43681822113562346,0.2086030678084581,253.0,8,1,1,0,1
612,LP002984,1,1,2,0,0,0.35677293316022274,-1.1028368386382617,187.0,8,1,1,0,1
613,LP002990,0,0,0,0,1,-0.13430245319192863,-1.1028368386382617,133.0,8,0,0,1,0
